{
    "rmse": 0.7896967619641779,
    "mae": 0.6438790750123224,
    "r2": 0.04573009268329098
}